major_id,major_type,course_type,required_credits,track,applies_from_year,applies_to_year
5,PRIMARY,MAJOR,70,PRIMARY_WITH_DOUBLE,2023,2024
5,DOUBLE,MAJOR,42,PRIMARY_WITH_DOUBLE,2023,2024
5,,GENERAL,32,PRIMARY_WITH_DOUBLE,2023,2024
5,PRIMARY,MAJOR,70,PRIMARY_WITH_MINOR,2023,2024
5,MINOR,MAJOR,21,PRIMARY_WITH_MINOR,2023,2024
5,,GENERAL,32,PRIMARY_WITH_MINOR,2023,2024
5,PRIMARY,MAJOR,78,INTENSIVE_WITH_MINOR,2023,2024
5,MINOR,MAJOR,21,INTENSIVE_WITH_MINOR,2023,2024
5,,GENERAL,32,INTENSIVE_WITH_MINOR,2023,2024
5,PRIMARY,MAJOR,78,INTENSIVE_SOLO,2023,2024
5,,GENERAL,32,INTENSIVE_SOLO,2023,2024
6,PRIMARY,MAJOR,70,PRIMARY_WITH_DOUBLE,2023,2024
6,DOUBLE,MAJOR,42,PRIMARY_WITH_DOUBLE,2023,2024
6,,GENERAL,32,PRIMARY_WITH_DOUBLE,2023,2024
6,PRIMARY,MAJOR,70,PRIMARY_WITH_MINOR,2023,2024
6,MINOR,MAJOR,21,PRIMARY_WITH_MINOR,2023,2024
6,,GENERAL,32,PRIMARY_WITH_MINOR,2023,2024
6,PRIMARY,MAJOR,78,INTENSIVE_WITH_MINOR,2023,2024
6,MINOR,MAJOR,21,INTENSIVE_WITH_MINOR,2023,2024
6,,GENERAL,32,INTENSIVE_WITH_MINOR,2023,2024
6,PRIMARY,MAJOR,78,INTENSIVE_SOLO,2023,2024
6,,GENERAL,32,INTENSIVE_SOLO,2023,2024
7,PRIMARY,MAJOR,70,PRIMARY_WITH_DOUBLE,2023,2024
7,DOUBLE,MAJOR,42,PRIMARY_WITH_DOUBLE,2023,2024
7,,GENERAL,32,PRIMARY_WITH_DOUBLE,2023,2024
7,PRIMARY,MAJOR,70,PRIMARY_WITH_MINOR,2023,2024
7,MINOR,MAJOR,21,PRIMARY_WITH_MINOR,2023,2024
7,,GENERAL,32,PRIMARY_WITH_MINOR,2023,2024
7,PRIMARY,MAJOR,78,INTENSIVE_WITH_MINOR,2023,2024
7,MINOR,MAJOR,21,INTENSIVE_WITH_MINOR,2023,2024
7,,GENERAL,32,INTENSIVE_WITH_MINOR,2023,2024
7,PRIMARY,MAJOR,78,INTENSIVE_SOLO,2023,2024
7,,GENERAL,32,INTENSIVE_SOLO,2023,2024
8,PRIMARY,MAJOR,70,PRIMARY_WITH_DOUBLE,2023,2024
8,DOUBLE,MAJOR,42,PRIMARY_WITH_DOUBLE,2023,2024
8,,GENERAL,32,PRIMARY_WITH_DOUBLE,2023,2024
8,PRIMARY,MAJOR,70,PRIMARY_WITH_MINOR,2023,2024
8,MINOR,MAJOR,21,PRIMARY_WITH_MINOR,2023,2024
8,,GENERAL,32,PRIMARY_WITH_MINOR,2023,2024
8,PRIMARY,MAJOR,78,INTENSIVE_WITH_MINOR,2023,2024
8,MINOR,MAJOR,21,INTENSIVE_WITH_MINOR,2023,2024
8,,GENERAL,32,INTENSIVE_WITH_MINOR,2023,2024
8,PRIMARY,MAJOR,78,INTENSIVE_SOLO,2023,2024
8,,GENERAL,32,INTENSIVE_SOLO,2023,2024
9,PRIMARY,MAJOR,70,PRIMARY_WITH_DOUBLE,2023,2024
9,DOUBLE,MAJOR,42,PRIMARY_WITH_DOUBLE,2023,2024
9,,GENERAL,32,PRIMARY_WITH_DOUBLE,2023,2024
9,PRIMARY,MAJOR,70,PRIMARY_WITH_MINOR,2023,2024
9,MINOR,MAJOR,21,PRIMARY_WITH_MINOR,2023,2024
9,,GENERAL,32,PRIMARY_WITH_MINOR,2023,2024
9,PRIMARY,MAJOR,78,INTENSIVE_WITH_MINOR,2023,2024
9,MINOR,MAJOR,21,INTENSIVE_WITH_MINOR,2023,2024
9,,GENERAL,32,INTENSIVE_WITH_MINOR,2023,2024
9,PRIMARY,MAJOR,78,INTENSIVE_SOLO,2023,2024
9,,GENERAL,32,INTENSIVE_SOLO,2023,2024
10,PRIMARY,MAJOR,70,PRIMARY_WITH_DOUBLE,2023,2024
10,DOUBLE,MAJOR,42,PRIMARY_WITH_DOUBLE,2023,2024
10,,GENERAL,32,PRIMARY_WITH_DOUBLE,2023,2024
10,PRIMARY,MAJOR,70,PRIMARY_WITH_MINOR,2023,2024
10,MINOR,MAJOR,21,PRIMARY_WITH_MINOR,2023,2024
10,,GENERAL,32,PRIMARY_WITH_MINOR,2023,2024
10,PRIMARY,MAJOR,78,INTENSIVE_WITH_MINOR,2023,2024
10,MINOR,MAJOR,21,INTENSIVE_WITH_MINOR,2023,2024
10,,GENERAL,32,INTENSIVE_WITH_MINOR,2023,2024
10,PRIMARY,MAJOR,78,INTENSIVE_SOLO,2023,2024
10,,GENERAL,32,INTENSIVE_SOLO,2023,2024
11,PRIMARY,MAJOR,70,PRIMARY_WITH_DOUBLE,2023,2024
11,DOUBLE,MAJOR,42,PRIMARY_WITH_DOUBLE,2023,2024
11,,GENERAL,32,PRIMARY_WITH_DOUBLE,2023,2024
11,PRIMARY,MAJOR,70,PRIMARY_WITH_MINOR,2023,2024
11,MINOR,MAJOR,21,PRIMARY_WITH_MINOR,2023,2024
11,,GENERAL,32,PRIMARY_WITH_MINOR,2023,2024
11,PRIMARY,MAJOR,78,INTENSIVE_WITH_MINOR,2023,2024
11,MINOR,MAJOR,21,INTENSIVE_WITH_MINOR,2023,2024
11,,GENERAL,32,INTENSIVE_WITH_MINOR,2023,2024
11,PRIMARY,MAJOR,78,INTENSIVE_SOLO,2023,2024
11,,GENERAL,32,INTENSIVE_SOLO,2023,2024
12,PRIMARY,MAJOR,70,PRIMARY_WITH_DOUBLE,2023,2024
12,DOUBLE,MAJOR,42,PRIMARY_WITH_DOUBLE,2023,2024
12,,GENERAL,32,PRIMARY_WITH_DOUBLE,2023,2024
12,PRIMARY,MAJOR,70,PRIMARY_WITH_MINOR,2023,2024
12,MINOR,MAJOR,21,PRIMARY_WITH_MINOR,2023,2024
12,,GENERAL,32,PRIMARY_WITH_MINOR,2023,2024
12,PRIMARY,MAJOR,78,INTENSIVE_WITH_MINOR,2023,2024
12,MINOR,MAJOR,21,INTENSIVE_WITH_MINOR,2023,2024
12,,GENERAL,32,INTENSIVE_WITH_MINOR,2023,2024
12,PRIMARY,MAJOR,78,INTENSIVE_SOLO,2023,2024
12,,GENERAL,32,INTENSIVE_SOLO,2023,2024
13,PRIMARY,MAJOR,70,PRIMARY_WITH_DOUBLE,2023,2024
13,DOUBLE,MAJOR,42,PRIMARY_WITH_DOUBLE,2023,2024
13,,GENERAL,32,PRIMARY_WITH_DOUBLE,2023,2024
13,PRIMARY,MAJOR,70,PRIMARY_WITH_MINOR,2023,2024
13,MINOR,MAJOR,21,PRIMARY_WITH_MINOR,2023,2024
13,,GENERAL,32,PRIMARY_WITH_MINOR,2023,2024
13,PRIMARY,MAJOR,78,INTENSIVE_WITH_MINOR,2023,2024
13,MINOR,MAJOR,21,INTENSIVE_WITH_MINOR,2023,2024
13,,GENERAL,32,INTENSIVE_WITH_MINOR,2023,2024
13,PRIMARY,MAJOR,78,INTENSIVE_SOLO,2023,2024
13,,GENERAL,32,INTENSIVE_SOLO,2023,2024
14,PRIMARY,MAJOR,70,PRIMARY_WITH_DOUBLE,2023,2024
14,DOUBLE,MAJOR,42,PRIMARY_WITH_DOUBLE,2023,2024
14,,GENERAL,32,PRIMARY_WITH_DOUBLE,2023,2024
14,PRIMARY,MAJOR,70,PRIMARY_WITH_MINOR,2023,2024
14,MINOR,MAJOR,21,PRIMARY_WITH_MINOR,2023,2024
14,,GENERAL,32,PRIMARY_WITH_MINOR,2023,2024
14,PRIMARY,MAJOR,78,INTENSIVE_WITH_MINOR,2023,2024
14,MINOR,MAJOR,21,INTENSIVE_WITH_MINOR,2023,2024
14,,GENERAL,32,INTENSIVE_WITH_MINOR,2023,2024
14,PRIMARY,MAJOR,78,INTENSIVE_SOLO,2023,2024
14,,GENERAL,32,INTENSIVE_SOLO,2023,2024
15,PRIMARY,MAJOR,70,PRIMARY_WITH_DOUBLE,2023,2024
15,DOUBLE,MAJOR,42,PRIMARY_WITH_DOUBLE,2023,2024
15,,GENERAL,32,PRIMARY_WITH_DOUBLE,2023,2024
15,PRIMARY,MAJOR,70,PRIMARY_WITH_MINOR,2023,2024
15,MINOR,MAJOR,21,PRIMARY_WITH_MINOR,2023,2024
15,,GENERAL,32,PRIMARY_WITH_MINOR,2023,2024
15,PRIMARY,MAJOR,78,INTENSIVE_WITH_MINOR,2023,2024
15,MINOR,MAJOR,21,INTENSIVE_WITH_MINOR,2023,2024
15,,GENERAL,32,INTENSIVE_WITH_MINOR,2023,2024
15,PRIMARY,MAJOR,78,INTENSIVE_SOLO,2023,2024
15,,GENERAL,32,INTENSIVE_SOLO,2023,2024
16,PRIMARY,MAJOR,70,PRIMARY_WITH_DOUBLE,2023,2024
16,DOUBLE,MAJOR,42,PRIMARY_WITH_DOUBLE,2023,2024
16,,GENERAL,32,PRIMARY_WITH_DOUBLE,2023,2024
16,PRIMARY,MAJOR,70,PRIMARY_WITH_MINOR,2023,2024
16,MINOR,MAJOR,21,PRIMARY_WITH_MINOR,2023,2024
16,,GENERAL,32,PRIMARY_WITH_MINOR,2023,2024
16,PRIMARY,MAJOR,78,INTENSIVE_WITH_MINOR,2023,2024
16,MINOR,MAJOR,21,INTENSIVE_WITH_MINOR,2023,2024
16,,GENERAL,32,INTENSIVE_WITH_MINOR,2023,2024
16,PRIMARY,MAJOR,78,INTENSIVE_SOLO,2023,2024
16,,GENERAL,32,INTENSIVE_SOLO,2023,2024
58,PRIMARY,MAJOR,70,PRIMARY_WITH_DOUBLE,2023,2024
58,DOUBLE,MAJOR,42,PRIMARY_WITH_DOUBLE,2023,2024
58,,GENERAL,32,PRIMARY_WITH_DOUBLE,2023,2024
58,PRIMARY,MAJOR,70,PRIMARY_WITH_MINOR,2023,2024
58,MINOR,MAJOR,21,PRIMARY_WITH_MINOR,2023,2024
58,,GENERAL,32,PRIMARY_WITH_MINOR,2023,2024
58,PRIMARY,MAJOR,78,INTENSIVE_WITH_MINOR,2023,2024
58,MINOR,MAJOR,21,INTENSIVE_WITH_MINOR,2023,2024
58,,GENERAL,32,INTENSIVE_WITH_MINOR,2023,2024
58,PRIMARY,MAJOR,78,INTENSIVE_SOLO,2023,2024
58,,GENERAL,32,INTENSIVE_SOLO,2023,2024
1,PRIMARY,MAJOR,54,PRIMARY_WITH_DOUBLE,2023,2024
1,DOUBLE,MAJOR,42,PRIMARY_WITH_DOUBLE,2023,2024
1,,GENERAL,32,PRIMARY_WITH_DOUBLE,2023,2024
1,PRIMARY,MAJOR,54,PRIMARY_WITH_MINOR,2023,2024
1,MINOR,MAJOR,21,PRIMARY_WITH_MINOR,2023,2024
1,,GENERAL,32,PRIMARY_WITH_MINOR,2023,2024
1,PRIMARY,MAJOR,70,INTENSIVE_WITH_MINOR,2023,2024
1,MINOR,MAJOR,21,INTENSIVE_WITH_MINOR,2023,2024
1,,GENERAL,32,INTENSIVE_WITH_MINOR,2023,2024
1,PRIMARY,MAJOR,70,INTENSIVE_SOLO,2023,2024
1,,GENERAL,32,INTENSIVE_SOLO,2023,2024
2,PRIMARY,MAJOR,54,PRIMARY_WITH_DOUBLE,2023,2024
2,DOUBLE,MAJOR,42,PRIMARY_WITH_DOUBLE,2023,2024
2,,GENERAL,32,PRIMARY_WITH_DOUBLE,2023,2024
2,PRIMARY,MAJOR,54,PRIMARY_WITH_MINOR,2023,2024
2,MINOR,MAJOR,21,PRIMARY_WITH_MINOR,2023,2024
2,,GENERAL,32,PRIMARY_WITH_MINOR,2023,2024
2,PRIMARY,MAJOR,70,INTENSIVE_WITH_MINOR,2023,2024
2,MINOR,MAJOR,21,INTENSIVE_WITH_MINOR,2023,2024
2,,GENERAL,32,INTENSIVE_WITH_MINOR,2023,2024
2,PRIMARY,MAJOR,70,INTENSIVE_SOLO,2023,2024
2,,GENERAL,32,INTENSIVE_SOLO,2023,2024
3,PRIMARY,MAJOR,54,PRIMARY_WITH_DOUBLE,2023,2024
3,DOUBLE,MAJOR,42,PRIMARY_WITH_DOUBLE,2023,2024
3,,GENERAL,32,PRIMARY_WITH_DOUBLE,2023,2024
3,PRIMARY,MAJOR,54,PRIMARY_WITH_MINOR,2023,2024
3,MINOR,MAJOR,21,PRIMARY_WITH_MINOR,2023,2024
3,,GENERAL,32,PRIMARY_WITH_MINOR,2023,2024
3,PRIMARY,MAJOR,70,INTENSIVE_WITH_MINOR,2023,2024
3,MINOR,MAJOR,21,INTENSIVE_WITH_MINOR,2023,2024
3,,GENERAL,32,INTENSIVE_WITH_MINOR,2023,2024
3,PRIMARY,MAJOR,70,INTENSIVE_SOLO,2023,2024
3,,GENERAL,32,INTENSIVE_SOLO,2023,2024
4,PRIMARY,MAJOR,54,PRIMARY_WITH_DOUBLE,2023,2024
4,DOUBLE,MAJOR,42,PRIMARY_WITH_DOUBLE,2023,2024
4,,GENERAL,32,PRIMARY_WITH_DOUBLE,2023,2024
4,PRIMARY,MAJOR,54,PRIMARY_WITH_MINOR,2023,2024
4,MINOR,MAJOR,21,PRIMARY_WITH_MINOR,2023,2024
4,,GENERAL,32,PRIMARY_WITH_MINOR,2023,2024
4,PRIMARY,MAJOR,70,INTENSIVE_WITH_MINOR,2023,2024
4,MINOR,MAJOR,21,INTENSIVE_WITH_MINOR,2023,2024
4,,GENERAL,32,INTENSIVE_WITH_MINOR,2023,2024
4,PRIMARY,MAJOR,70,INTENSIVE_SOLO,2023,2024
4,,GENERAL,32,INTENSIVE_SOLO,2023,2024
17,PRIMARY,MAJOR,54,PRIMARY_WITH_DOUBLE,2023,2024
17,DOUBLE,MAJOR,42,PRIMARY_WITH_DOUBLE,2023,2024
17,,GENERAL,32,PRIMARY_WITH_DOUBLE,2023,2024
17,PRIMARY,MAJOR,54,PRIMARY_WITH_MINOR,2023,2024
17,MINOR,MAJOR,21,PRIMARY_WITH_MINOR,2023,2024
17,,GENERAL,32,PRIMARY_WITH_MINOR,2023,2024
17,PRIMARY,MAJOR,70,INTENSIVE_WITH_MINOR,2023,2024
17,MINOR,MAJOR,21,INTENSIVE_WITH_MINOR,2023,2024
17,,GENERAL,32,INTENSIVE_WITH_MINOR,2023,2024
17,PRIMARY,MAJOR,70,INTENSIVE_SOLO,2023,2024
17,,GENERAL,32,INTENSIVE_SOLO,2023,2024
18,PRIMARY,MAJOR,54,PRIMARY_WITH_DOUBLE,2023,2024
18,DOUBLE,MAJOR,42,PRIMARY_WITH_DOUBLE,2023,2024
18,,GENERAL,32,PRIMARY_WITH_DOUBLE,2023,2024
18,PRIMARY,MAJOR,54,PRIMARY_WITH_MINOR,2023,2024
18,MINOR,MAJOR,21,PRIMARY_WITH_MINOR,2023,2024
18,,GENERAL,32,PRIMARY_WITH_MINOR,2023,2024
18,PRIMARY,MAJOR,70,INTENSIVE_WITH_MINOR,2023,2024
18,MINOR,MAJOR,21,INTENSIVE_WITH_MINOR,2023,2024
18,,GENERAL,32,INTENSIVE_WITH_MINOR,2023,2024
18,PRIMARY,MAJOR,70,INTENSIVE_SOLO,2023,2024
18,,GENERAL,32,INTENSIVE_SOLO,2023,2024
19,PRIMARY,MAJOR,54,PRIMARY_WITH_DOUBLE,2023,2024
19,DOUBLE,MAJOR,42,PRIMARY_WITH_DOUBLE,2023,2024
19,,GENERAL,32,PRIMARY_WITH_DOUBLE,2023,2024
19,PRIMARY,MAJOR,54,PRIMARY_WITH_MINOR,2023,2024
19,MINOR,MAJOR,21,PRIMARY_WITH_MINOR,2023,2024
19,,GENERAL,32,PRIMARY_WITH_MINOR,2023,2024
19,PRIMARY,MAJOR,70,INTENSIVE_WITH_MINOR,2023,2024
19,MINOR,MAJOR,21,INTENSIVE_WITH_MINOR,2023,2024
19,,GENERAL,32,INTENSIVE_WITH_MINOR,2023,2024
19,PRIMARY,MAJOR,70,INTENSIVE_SOLO,2023,2024
19,,GENERAL,32,INTENSIVE_SOLO,2023,2024
20,PRIMARY,MAJOR,54,PRIMARY_WITH_DOUBLE,2023,2024
20,DOUBLE,MAJOR,42,PRIMARY_WITH_DOUBLE,2023,2024
20,,GENERAL,32,PRIMARY_WITH_DOUBLE,2023,2024
20,PRIMARY,MAJOR,54,PRIMARY_WITH_MINOR,2023,2024
20,MINOR,MAJOR,21,PRIMARY_WITH_MINOR,2023,2024
20,,GENERAL,32,PRIMARY_WITH_MINOR,2023,2024
20,PRIMARY,MAJOR,70,INTENSIVE_WITH_MINOR,2023,2024
20,MINOR,MAJOR,21,INTENSIVE_WITH_MINOR,2023,2024
20,,GENERAL,32,INTENSIVE_WITH_MINOR,2023,2024
20,PRIMARY,MAJOR,70,INTENSIVE_SOLO,2023,2024
20,,GENERAL,32,INTENSIVE_SOLO,2023,2024
21,PRIMARY,MAJOR,54,PRIMARY_WITH_DOUBLE,2023,2024
21,DOUBLE,MAJOR,42,PRIMARY_WITH_DOUBLE,2023,2024
21,,GENERAL,32,PRIMARY_WITH_DOUBLE,2023,2024
21,PRIMARY,MAJOR,54,PRIMARY_WITH_MINOR,2023,2024
21,MINOR,MAJOR,21,PRIMARY_WITH_MINOR,2023,2024
21,,GENERAL,32,PRIMARY_WITH_MINOR,2023,2024
21,PRIMARY,MAJOR,70,INTENSIVE_WITH_MINOR,2023,2024
21,MINOR,MAJOR,21,INTENSIVE_WITH_MINOR,2023,2024
21,,GENERAL,32,INTENSIVE_WITH_MINOR,2023,2024
21,PRIMARY,MAJOR,70,INTENSIVE_SOLO,2023,2024
21,,GENERAL,32,INTENSIVE_SOLO,2023,2024
22,PRIMARY,MAJOR,54,PRIMARY_WITH_DOUBLE,2023,2024
22,DOUBLE,MAJOR,42,PRIMARY_WITH_DOUBLE,2023,2024
22,,GENERAL,32,PRIMARY_WITH_DOUBLE,2023,2024
22,PRIMARY,MAJOR,54,PRIMARY_WITH_MINOR,2023,2024
22,MINOR,MAJOR,21,PRIMARY_WITH_MINOR,2023,2024
22,,GENERAL,32,PRIMARY_WITH_MINOR,2023,2024
22,PRIMARY,MAJOR,70,INTENSIVE_WITH_MINOR,2023,2024
22,MINOR,MAJOR,21,INTENSIVE_WITH_MINOR,2023,2024
22,,GENERAL,32,INTENSIVE_WITH_MINOR,2023,2024
22,PRIMARY,MAJOR,70,INTENSIVE_SOLO,2023,2024
22,,GENERAL,32,INTENSIVE_SOLO,2023,2024
23,PRIMARY,MAJOR,54,PRIMARY_WITH_DOUBLE,2023,2024
23,DOUBLE,MAJOR,42,PRIMARY_WITH_DOUBLE,2023,2024
23,,GENERAL,32,PRIMARY_WITH_DOUBLE,2023,2024
23,PRIMARY,MAJOR,54,PRIMARY_WITH_MINOR,2023,2024
23,MINOR,MAJOR,21,PRIMARY_WITH_MINOR,2023,2024
23,,GENERAL,32,PRIMARY_WITH_MINOR,2023,2024
23,PRIMARY,MAJOR,70,INTENSIVE_WITH_MINOR,2023,2024
23,MINOR,MAJOR,21,INTENSIVE_WITH_MINOR,2023,2024
23,,GENERAL,32,INTENSIVE_WITH_MINOR,2023,2024
23,PRIMARY,MAJOR,70,INTENSIVE_SOLO,2023,2024
23,,GENERAL,32,INTENSIVE_SOLO,2023,2024
24,PRIMARY,MAJOR,54,PRIMARY_WITH_DOUBLE,2023,2024
24,DOUBLE,MAJOR,42,PRIMARY_WITH_DOUBLE,2023,2024
24,,GENERAL,32,PRIMARY_WITH_DOUBLE,2023,2024
24,PRIMARY,MAJOR,54,PRIMARY_WITH_MINOR,2023,2024
24,MINOR,MAJOR,21,PRIMARY_WITH_MINOR,2023,2024
24,,GENERAL,32,PRIMARY_WITH_MINOR,2023,2024
24,PRIMARY,MAJOR,70,INTENSIVE_WITH_MINOR,2023,2024
24,MINOR,MAJOR,21,INTENSIVE_WITH_MINOR,2023,2024
24,,GENERAL,32,INTENSIVE_WITH_MINOR,2023,2024
24,PRIMARY,MAJOR,70,INTENSIVE_SOLO,2023,2024
24,,GENERAL,32,INTENSIVE_SOLO,2023,2024
25,PRIMARY,MAJOR,54,PRIMARY_WITH_DOUBLE,2023,2024
25,DOUBLE,MAJOR,42,PRIMARY_WITH_DOUBLE,2023,2024
25,,GENERAL,32,PRIMARY_WITH_DOUBLE,2023,2024
25,PRIMARY,MAJOR,54,PRIMARY_WITH_MINOR,2023,2024
25,MINOR,MAJOR,21,PRIMARY_WITH_MINOR,2023,2024
25,,GENERAL,32,PRIMARY_WITH_MINOR,2023,2024
25,PRIMARY,MAJOR,70,INTENSIVE_WITH_MINOR,2023,2024
25,MINOR,MAJOR,21,INTENSIVE_WITH_MINOR,2023,2024
25,,GENERAL,32,INTENSIVE_WITH_MINOR,2023,2024
25,PRIMARY,MAJOR,70,INTENSIVE_SOLO,2023,2024
25,,GENERAL,32,INTENSIVE_SOLO,2023,2024
26,PRIMARY,MAJOR,54,PRIMARY_WITH_DOUBLE,2023,2024
26,DOUBLE,MAJOR,42,PRIMARY_WITH_DOUBLE,2023,2024
26,,GENERAL,32,PRIMARY_WITH_DOUBLE,2023,2024
26,PRIMARY,MAJOR,54,PRIMARY_WITH_MINOR,2023,2024
26,MINOR,MAJOR,21,PRIMARY_WITH_MINOR,2023,2024
26,,GENERAL,32,PRIMARY_WITH_MINOR,2023,2024
26,PRIMARY,MAJOR,70,INTENSIVE_WITH_MINOR,2023,2024
26,MINOR,MAJOR,21,INTENSIVE_WITH_MINOR,2023,2024
26,,GENERAL,32,INTENSIVE_WITH_MINOR,2023,2024
26,PRIMARY,MAJOR,70,INTENSIVE_SOLO,2023,2024
26,,GENERAL,32,INTENSIVE_SOLO,2023,2024
27,PRIMARY,MAJOR,54,PRIMARY_WITH_DOUBLE,2023,2024
27,DOUBLE,MAJOR,42,PRIMARY_WITH_DOUBLE,2023,2024
27,,GENERAL,32,PRIMARY_WITH_DOUBLE,2023,2024
27,PRIMARY,MAJOR,54,PRIMARY_WITH_MINOR,2023,2024
27,MINOR,MAJOR,21,PRIMARY_WITH_MINOR,2023,2024
27,,GENERAL,32,PRIMARY_WITH_MINOR,2023,2024
27,PRIMARY,MAJOR,70,INTENSIVE_WITH_MINOR,2023,2024
27,MINOR,MAJOR,21,INTENSIVE_WITH_MINOR,2023,2024
27,,GENERAL,32,INTENSIVE_WITH_MINOR,2023,2024
27,PRIMARY,MAJOR,70,INTENSIVE_SOLO,2023,2024
27,,GENERAL,32,INTENSIVE_SOLO,2023,2024
28,PRIMARY,MAJOR,54,PRIMARY_WITH_DOUBLE,2023,2024
28,DOUBLE,MAJOR,42,PRIMARY_WITH_DOUBLE,2023,2024
28,,GENERAL,32,PRIMARY_WITH_DOUBLE,2023,2024
28,PRIMARY,MAJOR,54,PRIMARY_WITH_MINOR,2023,2024
28,MINOR,MAJOR,21,PRIMARY_WITH_MINOR,2023,2024
28,,GENERAL,32,PRIMARY_WITH_MINOR,2023,2024
28,PRIMARY,MAJOR,70,INTENSIVE_WITH_MINOR,2023,2024
28,MINOR,MAJOR,21,INTENSIVE_WITH_MINOR,2023,2024
28,,GENERAL,32,INTENSIVE_WITH_MINOR,2023,2024
28,PRIMARY,MAJOR,70,INTENSIVE_SOLO,2023,2024
28,,GENERAL,32,INTENSIVE_SOLO,2023,2024
29,PRIMARY,MAJOR,54,PRIMARY_WITH_DOUBLE,2023,2024
29,DOUBLE,MAJOR,42,PRIMARY_WITH_DOUBLE,2023,2024
29,,GENERAL,32,PRIMARY_WITH_DOUBLE,2023,2024
29,PRIMARY,MAJOR,54,PRIMARY_WITH_MINOR,2023,2024
29,MINOR,MAJOR,21,PRIMARY_WITH_MINOR,2023,2024
29,,GENERAL,32,PRIMARY_WITH_MINOR,2023,2024
29,PRIMARY,MAJOR,70,INTENSIVE_WITH_MINOR,2023,2024
29,MINOR,MAJOR,21,INTENSIVE_WITH_MINOR,2023,2024
29,,GENERAL,32,INTENSIVE_WITH_MINOR,2023,2024
29,PRIMARY,MAJOR,70,INTENSIVE_SOLO,2023,2024
29,,GENERAL,32,INTENSIVE_SOLO,2023,2024
30,PRIMARY,MAJOR,54,PRIMARY_WITH_DOUBLE,2023,2024
30,DOUBLE,MAJOR,42,PRIMARY_WITH_DOUBLE,2023,2024
30,,GENERAL,32,PRIMARY_WITH_DOUBLE,2023,2024
30,PRIMARY,MAJOR,54,PRIMARY_WITH_MINOR,2023,2024
30,MINOR,MAJOR,21,PRIMARY_WITH_MINOR,2023,2024
30,,GENERAL,32,PRIMARY_WITH_MINOR,2023,2024
30,PRIMARY,MAJOR,70,INTENSIVE_WITH_MINOR,2023,2024
30,MINOR,MAJOR,21,INTENSIVE_WITH_MINOR,2023,2024
30,,GENERAL,32,INTENSIVE_WITH_MINOR,2023,2024
30,PRIMARY,MAJOR,70,INTENSIVE_SOLO,2023,2024
30,,GENERAL,32,INTENSIVE_SOLO,2023,2024
31,PRIMARY,MAJOR,54,PRIMARY_WITH_DOUBLE,2023,2024
31,DOUBLE,MAJOR,42,PRIMARY_WITH_DOUBLE,2023,2024
31,,GENERAL,32,PRIMARY_WITH_DOUBLE,2023,2024
31,PRIMARY,MAJOR,54,PRIMARY_WITH_MINOR,2023,2024
31,MINOR,MAJOR,21,PRIMARY_WITH_MINOR,2023,2024
31,,GENERAL,32,PRIMARY_WITH_MINOR,2023,2024
31,PRIMARY,MAJOR,70,INTENSIVE_WITH_MINOR,2023,2024
31,MINOR,MAJOR,21,INTENSIVE_WITH_MINOR,2023,2024
31,,GENERAL,32,INTENSIVE_WITH_MINOR,2023,2024
31,PRIMARY,MAJOR,70,INTENSIVE_SOLO,2023,2024
31,,GENERAL,32,INTENSIVE_SOLO,2023,2024
32,PRIMARY,MAJOR,54,PRIMARY_WITH_DOUBLE,2023,2024
32,DOUBLE,MAJOR,42,PRIMARY_WITH_DOUBLE,2023,2024
32,,GENERAL,32,PRIMARY_WITH_DOUBLE,2023,2024
32,PRIMARY,MAJOR,54,PRIMARY_WITH_MINOR,2023,2024
32,MINOR,MAJOR,21,PRIMARY_WITH_MINOR,2023,2024
32,,GENERAL,32,PRIMARY_WITH_MINOR,2023,2024
32,PRIMARY,MAJOR,70,INTENSIVE_WITH_MINOR,2023,2024
32,MINOR,MAJOR,21,INTENSIVE_WITH_MINOR,2023,2024
32,,GENERAL,32,INTENSIVE_WITH_MINOR,2023,2024
32,PRIMARY,MAJOR,70,INTENSIVE_SOLO,2023,2024
32,,GENERAL,32,INTENSIVE_SOLO,2023,2024
45,PRIMARY,MAJOR,54,PRIMARY_WITH_DOUBLE,2023,2024
45,DOUBLE,MAJOR,42,PRIMARY_WITH_DOUBLE,2023,2024
45,,GENERAL,32,PRIMARY_WITH_DOUBLE,2023,2024
45,PRIMARY,MAJOR,54,PRIMARY_WITH_MINOR,2023,2024
45,MINOR,MAJOR,21,PRIMARY_WITH_MINOR,2023,2024
45,,GENERAL,32,PRIMARY_WITH_MINOR,2023,2024
45,PRIMARY,MAJOR,70,INTENSIVE_WITH_MINOR,2023,2024
45,MINOR,MAJOR,21,INTENSIVE_WITH_MINOR,2023,2024
45,,GENERAL,32,INTENSIVE_WITH_MINOR,2023,2024
45,PRIMARY,MAJOR,70,INTENSIVE_SOLO,2023,2024
45,,GENERAL,32,INTENSIVE_SOLO,2023,2024
48,PRIMARY,MAJOR,42,PRIMARY_WITH_DOUBLE,2023,2024
48,DOUBLE,MAJOR,42,PRIMARY_WITH_DOUBLE,2023,2024
48,,GENERAL,32,PRIMARY_WITH_DOUBLE,2023,2024
48,PRIMARY,MAJOR,42,PRIMARY_WITH_MINOR,2023,2024
48,MINOR,MAJOR,21,PRIMARY_WITH_MINOR,2023,2024
48,,GENERAL,32,PRIMARY_WITH_MINOR,2023,2024
48,PRIMARY,MAJOR,58,INTENSIVE_WITH_MINOR,2023,2024
48,MINOR,MAJOR,21,INTENSIVE_WITH_MINOR,2023,2024
48,,GENERAL,32,INTENSIVE_WITH_MINOR,2023,2024
48,PRIMARY,MAJOR,58,INTENSIVE_SOLO,2023,2024
48,,GENERAL,32,INTENSIVE_SOLO,2023,2024
49,PRIMARY,MAJOR,42,PRIMARY_WITH_DOUBLE,2023,2024
49,DOUBLE,MAJOR,42,PRIMARY_WITH_DOUBLE,2023,2024
49,,GENERAL,32,PRIMARY_WITH_DOUBLE,2023,2024
49,PRIMARY,MAJOR,42,PRIMARY_WITH_MINOR,2023,2024
49,MINOR,MAJOR,21,PRIMARY_WITH_MINOR,2023,2024
49,,GENERAL,32,PRIMARY_WITH_MINOR,2023,2024
49,PRIMARY,MAJOR,58,INTENSIVE_WITH_MINOR,2023,2024
49,MINOR,MAJOR,21,INTENSIVE_WITH_MINOR,2023,2024
49,,GENERAL,32,INTENSIVE_WITH_MINOR,2023,2024
49,PRIMARY,MAJOR,58,INTENSIVE_SOLO,2023,2024
49,,GENERAL,32,INTENSIVE_SOLO,2023,2024
51,PRIMARY,MAJOR,42,PRIMARY_WITH_DOUBLE,2023,2024
51,DOUBLE,MAJOR,42,PRIMARY_WITH_DOUBLE,2023,2024
51,,GENERAL,32,PRIMARY_WITH_DOUBLE,2023,2024
51,PRIMARY,MAJOR,42,PRIMARY_WITH_MINOR,2023,2024
51,MINOR,MAJOR,21,PRIMARY_WITH_MINOR,2023,2024
51,,GENERAL,32,PRIMARY_WITH_MINOR,2023,2024
51,PRIMARY,MAJOR,58,INTENSIVE_WITH_MINOR,2023,2024
51,MINOR,MAJOR,21,INTENSIVE_WITH_MINOR,2023,2024
51,,GENERAL,32,INTENSIVE_WITH_MINOR,2023,2024
51,PRIMARY,MAJOR,58,INTENSIVE_SOLO,2023,2024
51,,GENERAL,32,INTENSIVE_SOLO,2023,2024
46,PRIMARY,MAJOR,42,PRIMARY_WITH_DOUBLE,2023,2024
46,DOUBLE,MAJOR,42,PRIMARY_WITH_DOUBLE,2023,2024
46,,GENERAL,32,PRIMARY_WITH_DOUBLE,2023,2024
46,PRIMARY,MAJOR,42,PRIMARY_WITH_MINOR,2023,2024
46,MINOR,MAJOR,21,PRIMARY_WITH_MINOR,2023,2024
46,,GENERAL,32,PRIMARY_WITH_MINOR,2023,2024
46,PRIMARY,MAJOR,58,INTENSIVE_WITH_MINOR,2023,2024
46,MINOR,MAJOR,21,INTENSIVE_WITH_MINOR,2023,2024
46,,GENERAL,32,INTENSIVE_WITH_MINOR,2023,2024
46,PRIMARY,MAJOR,58,INTENSIVE_SOLO,2023,2024
46,,GENERAL,32,INTENSIVE_SOLO,2023,2024
47,PRIMARY,MAJOR,42,PRIMARY_WITH_DOUBLE,2023,2024
47,DOUBLE,MAJOR,42,PRIMARY_WITH_DOUBLE,2023,2024
47,,GENERAL,32,PRIMARY_WITH_DOUBLE,2023,2024
47,PRIMARY,MAJOR,42,PRIMARY_WITH_MINOR,2023,2024
47,MINOR,MAJOR,21,PRIMARY_WITH_MINOR,2023,2024
47,,GENERAL,32,PRIMARY_WITH_MINOR,2023,2024
47,PRIMARY,MAJOR,58,INTENSIVE_WITH_MINOR,2023,2024
47,MINOR,MAJOR,21,INTENSIVE_WITH_MINOR,2023,2024
47,,GENERAL,32,INTENSIVE_WITH_MINOR,2023,2024
47,PRIMARY,MAJOR,58,INTENSIVE_SOLO,2023,2024
47,,GENERAL,32,INTENSIVE_SOLO,2023,2024
33,PRIMARY,MAJOR,57,PRIMARY_WITH_DOUBLE,2023,2024
33,DOUBLE,MAJOR,42,PRIMARY_WITH_DOUBLE,2023,2024
33,,GENERAL,32,PRIMARY_WITH_DOUBLE,2023,2024
33,PRIMARY,MAJOR,66,PRIMARY_WITH_MINOR,2023,2024
33,MINOR,MAJOR,21,PRIMARY_WITH_MINOR,2023,2024
33,,GENERAL,32,PRIMARY_WITH_MINOR,2023,2024
33,PRIMARY,MAJOR,75,INTENSIVE_WITH_MINOR,2023,2024
33,MINOR,MAJOR,21,INTENSIVE_WITH_MINOR,2023,2024
33,,GENERAL,32,INTENSIVE_WITH_MINOR,2023,2024
33,PRIMARY,MAJOR,75,INTENSIVE_SOLO,2023,2024
33,,GENERAL,32,INTENSIVE_SOLO,2023,2024
34,PRIMARY,MAJOR,57,PRIMARY_WITH_DOUBLE,2023,2024
34,DOUBLE,MAJOR,42,PRIMARY_WITH_DOUBLE,2023,2024
34,,GENERAL,32,PRIMARY_WITH_DOUBLE,2023,2024
34,PRIMARY,MAJOR,66,PRIMARY_WITH_MINOR,2023,2024
34,MINOR,MAJOR,21,PRIMARY_WITH_MINOR,2023,2024
34,,GENERAL,32,PRIMARY_WITH_MINOR,2023,2024
34,PRIMARY,MAJOR,75,INTENSIVE_WITH_MINOR,2023,2024
34,MINOR,MAJOR,21,INTENSIVE_WITH_MINOR,2023,2024
34,,GENERAL,32,INTENSIVE_WITH_MINOR,2023,2024
34,PRIMARY,MAJOR,75,INTENSIVE_SOLO,2023,2024
34,,GENERAL,32,INTENSIVE_SOLO,2023,2024
35,PRIMARY,MAJOR,57,PRIMARY_WITH_DOUBLE,2023,2024
35,DOUBLE,MAJOR,42,PRIMARY_WITH_DOUBLE,2023,2024
35,,GENERAL,32,PRIMARY_WITH_DOUBLE,2023,2024
35,PRIMARY,MAJOR,66,PRIMARY_WITH_MINOR,2023,2024
35,MINOR,MAJOR,21,PRIMARY_WITH_MINOR,2023,2024
35,,GENERAL,32,PRIMARY_WITH_MINOR,2023,2024
35,PRIMARY,MAJOR,75,INTENSIVE_WITH_MINOR,2023,2024
35,MINOR,MAJOR,21,INTENSIVE_WITH_MINOR,2023,2024
35,,GENERAL,32,INTENSIVE_WITH_MINOR,2023,2024
35,PRIMARY,MAJOR,75,INTENSIVE_SOLO,2023,2024
35,,GENERAL,32,INTENSIVE_SOLO,2023,2024
36,PRIMARY,MAJOR,57,PRIMARY_WITH_DOUBLE,2023,2024
36,DOUBLE,MAJOR,42,PRIMARY_WITH_DOUBLE,2023,2024
36,,GENERAL,32,PRIMARY_WITH_DOUBLE,2023,2024
36,PRIMARY,MAJOR,66,PRIMARY_WITH_MINOR,2023,2024
36,MINOR,MAJOR,21,PRIMARY_WITH_MINOR,2023,2024
36,,GENERAL,32,PRIMARY_WITH_MINOR,2023,2024
36,PRIMARY,MAJOR,75,INTENSIVE_WITH_MINOR,2023,2024
36,MINOR,MAJOR,21,INTENSIVE_WITH_MINOR,2023,2024
36,,GENERAL,32,INTENSIVE_WITH_MINOR,2023,2024
36,PRIMARY,MAJOR,75,INTENSIVE_SOLO,2023,2024
36,,GENERAL,32,INTENSIVE_SOLO,2023,2024
37,PRIMARY,MAJOR,57,PRIMARY_WITH_DOUBLE,2023,2024
37,DOUBLE,MAJOR,42,PRIMARY_WITH_DOUBLE,2023,2024
37,,GENERAL,32,PRIMARY_WITH_DOUBLE,2023,2024
37,PRIMARY,MAJOR,66,PRIMARY_WITH_MINOR,2023,2024
37,MINOR,MAJOR,21,PRIMARY_WITH_MINOR,2023,2024
37,,GENERAL,32,PRIMARY_WITH_MINOR,2023,2024
37,PRIMARY,MAJOR,75,INTENSIVE_WITH_MINOR,2023,2024
37,MINOR,MAJOR,21,INTENSIVE_WITH_MINOR,2023,2024
37,,GENERAL,32,INTENSIVE_WITH_MINOR,2023,2024
37,PRIMARY,MAJOR,75,INTENSIVE_SOLO,2023,2024
37,,GENERAL,32,INTENSIVE_SOLO,2023,2024
38,PRIMARY,MAJOR,57,PRIMARY_WITH_DOUBLE,2023,2024
38,DOUBLE,MAJOR,42,PRIMARY_WITH_DOUBLE,2023,2024
38,,GENERAL,32,PRIMARY_WITH_DOUBLE,2023,2024
38,PRIMARY,MAJOR,66,PRIMARY_WITH_MINOR,2023,2024
38,MINOR,MAJOR,21,PRIMARY_WITH_MINOR,2023,2024
38,,GENERAL,32,PRIMARY_WITH_MINOR,2023,2024
38,PRIMARY,MAJOR,75,INTENSIVE_WITH_MINOR,2023,2024
38,MINOR,MAJOR,21,INTENSIVE_WITH_MINOR,2023,2024
38,,GENERAL,32,INTENSIVE_WITH_MINOR,2023,2024
38,PRIMARY,MAJOR,75,INTENSIVE_SOLO,2023,2024
38,,GENERAL,32,INTENSIVE_SOLO,2023,2024
39,PRIMARY,MAJOR,57,PRIMARY_WITH_DOUBLE,2023,2024
39,DOUBLE,MAJOR,42,PRIMARY_WITH_DOUBLE,2023,2024
39,,GENERAL,32,PRIMARY_WITH_DOUBLE,2023,2024
39,PRIMARY,MAJOR,66,PRIMARY_WITH_MINOR,2023,2024
39,MINOR,MAJOR,21,PRIMARY_WITH_MINOR,2023,2024
39,,GENERAL,32,PRIMARY_WITH_MINOR,2023,2024
39,PRIMARY,MAJOR,75,INTENSIVE_WITH_MINOR,2023,2024
39,MINOR,MAJOR,21,INTENSIVE_WITH_MINOR,2023,2024
39,,GENERAL,32,INTENSIVE_WITH_MINOR,2023,2024
39,PRIMARY,MAJOR,75,INTENSIVE_SOLO,2023,2024
39,,GENERAL,32,INTENSIVE_SOLO,2023,2024
40,PRIMARY,MAJOR,57,PRIMARY_WITH_DOUBLE,2023,2024
40,DOUBLE,MAJOR,42,PRIMARY_WITH_DOUBLE,2023,2024
40,,GENERAL,32,PRIMARY_WITH_DOUBLE,2023,2024
40,PRIMARY,MAJOR,66,PRIMARY_WITH_MINOR,2023,2024
40,MINOR,MAJOR,21,PRIMARY_WITH_MINOR,2023,2024
40,,GENERAL,32,PRIMARY_WITH_MINOR,2023,2024
40,PRIMARY,MAJOR,75,INTENSIVE_WITH_MINOR,2023,2024
40,MINOR,MAJOR,21,INTENSIVE_WITH_MINOR,2023,2024
40,,GENERAL,32,INTENSIVE_WITH_MINOR,2023,2024
40,PRIMARY,MAJOR,75,INTENSIVE_SOLO,2023,2024
40,,GENERAL,32,INTENSIVE_SOLO,2023,2024
41,PRIMARY,MAJOR,57,PRIMARY_WITH_DOUBLE,2023,2024
41,DOUBLE,MAJOR,42,PRIMARY_WITH_DOUBLE,2023,2024
41,,GENERAL,32,PRIMARY_WITH_DOUBLE,2023,2024
41,PRIMARY,MAJOR,66,PRIMARY_WITH_MINOR,2023,2024
41,MINOR,MAJOR,21,PRIMARY_WITH_MINOR,2023,2024
41,,GENERAL,32,PRIMARY_WITH_MINOR,2023,2024
41,PRIMARY,MAJOR,75,INTENSIVE_WITH_MINOR,2023,2024
41,MINOR,MAJOR,21,INTENSIVE_WITH_MINOR,2023,2024
41,,GENERAL,32,INTENSIVE_WITH_MINOR,2023,2024
41,PRIMARY,MAJOR,75,INTENSIVE_SOLO,2023,2024
41,,GENERAL,32,INTENSIVE_SOLO,2023,2024
42,PRIMARY,MAJOR,57,PRIMARY_WITH_DOUBLE,2023,2024
42,DOUBLE,MAJOR,42,PRIMARY_WITH_DOUBLE,2023,2024
42,,GENERAL,32,PRIMARY_WITH_DOUBLE,2023,2024
42,PRIMARY,MAJOR,66,PRIMARY_WITH_MINOR,2023,2024
42,MINOR,MAJOR,21,PRIMARY_WITH_MINOR,2023,2024
42,,GENERAL,32,PRIMARY_WITH_MINOR,2023,2024
42,PRIMARY,MAJOR,75,INTENSIVE_WITH_MINOR,2023,2024
42,MINOR,MAJOR,21,INTENSIVE_WITH_MINOR,2023,2024
42,,GENERAL,32,INTENSIVE_WITH_MINOR,2023,2024
42,PRIMARY,MAJOR,75,INTENSIVE_SOLO,2023,2024
42,,GENERAL,32,INTENSIVE_SOLO,2023,2024
43,PRIMARY,MAJOR,57,PRIMARY_WITH_DOUBLE,2023,2024
43,DOUBLE,MAJOR,42,PRIMARY_WITH_DOUBLE,2023,2024
43,,GENERAL,32,PRIMARY_WITH_DOUBLE,2023,2024
43,PRIMARY,MAJOR,66,PRIMARY_WITH_MINOR,2023,2024
43,MINOR,MAJOR,21,PRIMARY_WITH_MINOR,2023,2024
43,,GENERAL,32,PRIMARY_WITH_MINOR,2023,2024
43,PRIMARY,MAJOR,75,INTENSIVE_WITH_MINOR,2023,2024
43,MINOR,MAJOR,21,INTENSIVE_WITH_MINOR,2023,2024
43,,GENERAL,32,INTENSIVE_WITH_MINOR,2023,2024
43,PRIMARY,MAJOR,75,INTENSIVE_SOLO,2023,2024
43,,GENERAL,32,INTENSIVE_SOLO,2023,2024
50,PRIMARY,MAJOR,57,PRIMARY_WITH_DOUBLE,2023,2024
50,DOUBLE,MAJOR,42,PRIMARY_WITH_DOUBLE,2023,2024
50,,GENERAL,32,PRIMARY_WITH_DOUBLE,2023,2024
50,PRIMARY,MAJOR,66,PRIMARY_WITH_MINOR,2023,2024
50,MINOR,MAJOR,21,PRIMARY_WITH_MINOR,2023,2024
50,,GENERAL,32,PRIMARY_WITH_MINOR,2023,2024
50,PRIMARY,MAJOR,75,INTENSIVE_WITH_MINOR,2023,2024
50,MINOR,MAJOR,21,INTENSIVE_WITH_MINOR,2023,2024
50,,GENERAL,32,INTENSIVE_WITH_MINOR,2023,2024
50,PRIMARY,MAJOR,75,INTENSIVE_SOLO,2023,2024
50,,GENERAL,32,INTENSIVE_SOLO,2023,2024